{
    "Boston":{
        "Lat":42.360278,
        "Lng":-71.057778
    },
    "Hong Kong":{
        "Lat":22.3,
        "Lng":114.2
    },
    "Guangzhou":{
        "Lat":23.13,
        "Lng":113.26
    },
    "Shanghai":{
        "Lat":31.228611,
        "Lng":121.474722
    },
    "Macau":{
        "Lat":22.166667,
        "Lng":113.55
    },
    "London":{
        "Lat":51.507222,
        "Lng":-0.1275
    },
    "Cairo":{
        "Lat":30.044444,
        "Lng":31.235833
    },
    "Monaco":{
        "Lat":43.731111,
        "Lng":7.42
    },
    "Ningbo":{
        "Lat":29.8603,
        "Lng":121.6245
    },
    "Fuzhou":{
        "Lat":26.0743,
        "Lng":119.2964
    },
    "Xiamen":{
        "Lat":24.4796,
        "Lng":118.0889
    },
    "Hankou":{
        "Lat":30.581179,
        "Lng":114.272597
    },
    "Jiujiang":{
        "Lat":29.661,
        "Lng":115.954
    },
    "Tianjin":{
        "Lat":39.1336,
        "Lng":117.2054
    },
    "Yokohama":{
        "Lat":35.444167,
        "Lng":139.638056
    },
    "Bangkok":{
        "Lat":13.7525,
        "Lng":100.494167
    },
    "Kobe":{
        "Lat":34.69,
        "Lng":135.195556
    },
    "Beijing":{
        "Lat":39.906667,
        "Lng":116.3975
    }
}